date,SKILL_COUNT,AGENT_COUNT,HOOK_COUNT,TOTAL_LINES
2026-01-05,28,8,27,9201
2026-01-26,29,8,28,9412
2026-02-16,30,8,29,9688
2026-03-02,30,8,30,9854
2026-03-16,31,8,30,9961
2026-03-26,31,8,30,10049
2026-03-30,31,8,31,10244
2026-04-06,31,8,31,10260
2026-04-13,31,8,31,10451
2026-04-20,31,8,31,10451
2026-04-27,31,8,31,10620
2026-05-04,31,8,31,10627
2026-05-11,31,8,31,10627
2026-05-18,31,8,31,10627
2026-05-25,31,8,31,10627
2026-06-01,31,8,31,10627
2026-06-08,31,8,31,10627
2026-06-15,31,8,31,10627
2026-06-22,31,8,31,10627
2026-06-29,31,8,31,10627
